{
    "fake_london_5": 0.41943359375,
    "fake_melbourne_15": 1.95751953125,
    "fake_almaden_20": 1.4951171875
}