{
    "fake_london_5": 0.248046875,
    "fake_melbourne_15": 2.12109375,
    "fake_almaden_20": 2.08837890625
}