{
    "fake_london_5": 0.32861328125,
    "fake_melbourne_15": 2.0693359375,
    "fake_almaden_20": 1.54736328125
}