{
    "fake_london_5": 0.36328125,
    "fake_melbourne_15": 2.64501953125,
    "fake_almaden_20": 1.84326171875
}