{
    "fake_london_5": 0.14501953125,
    "fake_melbourne_15": 1.5849609375,
    "fake_almaden_20": 1.59619140625
}