{
    "fake_london_5": 0.22900390625,
    "fake_melbourne_15": 2.41796875,
    "fake_almaden_20": 1.46826171875
}