{
    "fake_london_5": 0.27880859375,
    "fake_melbourne_15": 2.095703125,
    "fake_almaden_20": 2.53955078125
}