{
    "fake_london_5": 0.30517578125,
    "fake_melbourne_15": 2.3076171875,
    "fake_almaden_20": 3.001953125
}