{
    "fake_london_5": 0.18408203125,
    "fake_melbourne_15": 2.837890625,
    "fake_almaden_20": 1.34912109375
}