{
    "fake_london_5": 0.251953125,
    "fake_melbourne_15": 1.69287109375,
    "fake_almaden_20": 1.9892578125
}