{
    "fake_london_5": 0.294921875,
    "fake_melbourne_15": 2.013671875,
    "fake_almaden_20": 1.8173828125
}