{
    "fake_london_5": 0.3544921875,
    "fake_melbourne_15": 2.24560546875,
    "fake_almaden_20": 1.76220703125
}