{
    "fake_london_5": 0.38232421875,
    "fake_melbourne_15": 2.19482421875,
    "fake_almaden_20": 1.228515625
}