{
    "fake_london_5": 0.42529296875,
    "fake_melbourne_15": 2.1416015625,
    "fake_almaden_20": 1.6376953125
}