{
    "fake_london_5": 0.4736328125,
    "fake_melbourne_15": 1.96826171875,
    "fake_almaden_20": 1.2783203125
}