{
    "fake_london_5": 0.263671875,
    "fake_melbourne_15": 2.44287109375,
    "fake_almaden_20": 2.0166015625
}