{
    "fake_london_5": 0.32421875,
    "fake_melbourne_15": 1.947265625,
    "fake_almaden_20": 2.21630859375
}