{
    "15_qubits": 0.130859375,
    "20_qubits": 2.32421875
}