{
    "15_qubits": 2.0283203125,
    "20_qubits": 2.0537109375,
    "20_qubits_cnot_error": 2.427734375
}