{
    "fake_london_5": 0.37841796875,
    "fake_melbourne_15": 2.224609375,
    "fake_almaden_20": 2.6171875
}