{
    "fake_london_5": 0.39306640625,
    "fake_melbourne_15": 2.0869140625,
    "fake_almaden_20": 1.7626953125
}