{
    "fake_london_5": 0.31396484375,
    "fake_melbourne_15": 1.955078125,
    "fake_almaden_20": 1.65185546875
}